Identifier,Name,RandomValue
1,Alice,0.31205228
2,Bob,0.9003804
3,Charlie,0.5718915
4,David,0.316721
5,Eve,0.2882252
6,Frank,0.918815
7,Grace,0.660456
26,Zoe,0.9758972
